epoch,time,train/box_loss,train/cls_loss,train/dfl_loss,metrics/precision(B),metrics/recall(B),metrics/mAP50(B),metrics/mAP50-95(B),val/box_loss,val/cls_loss,val/dfl_loss,lr/pg0,lr/pg1,lr/pg2
1,29.0403,4.48428,3.44815,3.99765,0.02364,0.06853,0.01264,0.00382,4.55682,2.74526,3.51833,0.0704839,0.00327957,0.00327957
2,46.5022,3.84643,2.79226,3.49805,0.0949,0.20232,0.06838,0.01529,3.60821,2.65875,3.12984,0.0404511,0.00658017,0.00658017
3,62.4942,3.19919,2.27412,2.9082,0.12843,0.3115,0.10393,0.03084,3.27875,2.44415,2.73613,0.0103854,0.00984777,0.00984777
4,78.3863,2.36459,1.73826,2.33487,0.33759,0.45854,0.35804,0.15198,2.41267,inf,2.3318,0.0098515,0.0098515,0.0098515
5,91.4617,1.99925,1.39386,2.00132,0.65331,0.58433,0.61874,0.25523,2.1474,1.70889,2.02693,0.009802,0.009802,0.009802
6,104.049,1.79989,1.22052,1.85319,0.77541,0.62838,0.70959,0.29565,2.13878,1.40213,2.0086,0.0097525,0.0097525,0.0097525
7,116.189,1.63418,1.07703,1.6699,0.83976,0.6611,0.77336,0.35911,1.97002,1.27996,1.87921,0.009703,0.009703,0.009703
8,128.052,1.55508,0.98472,1.59445,0.86272,0.67033,0.78773,0.34575,2.07266,1.26227,1.97196,0.0096535,0.0096535,0.0096535
9,139.865,1.48074,0.92468,1.51301,0.87026,0.66699,0.79695,0.3981,1.90071,1.19121,1.82804,0.009604,0.009604,0.009604
10,152.379,1.43518,0.87965,1.47249,0.87092,0.68147,0.79988,0.43857,1.74054,1.16246,1.67362,0.0095545,0.0095545,0.0095545
11,164.111,1.36593,0.84462,1.42137,0.8648,0.68962,0.80912,0.39229,1.91156,1.14507,1.85681,0.009505,0.009505,0.009505
12,175.723,1.32915,0.79888,1.38973,0.87513,0.70111,0.82311,0.38685,1.90109,1.11271,1.83093,0.0094555,0.0094555,0.0094555
13,187.615,1.30012,0.7854,1.37283,0.88932,0.71593,0.83147,0.47962,1.59724,1.06258,1.56777,0.009406,0.009406,0.009406
14,199.534,1.27278,0.75262,1.33405,0.89748,0.69907,0.81797,0.40362,1.89272,1.09312,1.84962,0.0093565,0.0093565,0.0093565
15,211.637,1.22555,0.73539,1.34333,0.90131,0.71259,0.83581,0.46596,1.66188,1.07136,1.60489,0.009307,0.009307,0.009307
16,223.295,1.233,0.72677,1.30617,0.88157,0.71075,0.83697,0.47301,1.64483,1.01415,1.63938,0.0092575,0.0092575,0.0092575
17,234.845,1.22542,0.71762,1.30776,0.86763,0.71816,0.83296,0.42818,1.81376,1.03937,1.7739,0.009208,0.009208,0.009208
18,246.889,1.16867,0.66927,1.27143,0.88784,0.74112,0.85531,0.45865,1.66623,0.9937,1.64281,0.0091585,0.0091585,0.0091585
19,258.642,1.17225,0.67305,1.28432,0.886,0.76121,0.866,0.44333,1.80362,0.97733,1.80249,0.009109,0.009109,0.009109
20,270.65,1.13973,0.65029,1.26108,0.88579,0.75835,0.869,0.51094,1.51406,0.94187,1.51741,0.0090595,0.0090595,0.0090595
21,282.513,1.12834,0.64824,1.265,0.88206,0.77559,0.87688,0.48601,1.6395,0.92687,1.64382,0.00901,0.00901,0.00901
22,294.623,1.12009,0.61915,1.23036,0.87861,0.78425,0.88276,0.49492,1.56681,0.95672,1.55343,0.0089605,0.0089605,0.0089605
23,306.451,1.11197,0.61573,1.23232,0.87987,0.77271,0.8722,0.50789,1.55917,0.93142,1.53985,0.008911,0.008911,0.008911
24,318.601,1.10049,0.60137,1.2126,0.883,0.79265,0.88573,0.50001,1.59392,0.88866,1.57946,0.0088615,0.0088615,0.0088615
25,330.74,1.07492,0.59197,1.20545,0.89541,0.81082,0.90121,0.47866,1.66292,0.92264,1.66237,0.008812,0.008812,0.008812
26,342.007,1.08042,0.57999,1.21542,0.88715,0.81693,0.90108,0.51277,1.57339,0.87489,1.57943,0.0087625,0.0087625,0.0087625
27,353.669,1.07057,0.56717,1.1904,0.89775,0.82513,0.90982,0.51159,1.56723,0.85479,1.5675,0.008713,0.008713,0.008713
28,366.275,1.07109,0.5713,1.2106,0.88305,0.77458,0.87346,0.49974,1.61154,0.9469,1.57756,0.0086635,0.0086635,0.0086635
29,378.057,1.05666,0.56371,1.17893,0.90143,0.82092,0.90707,0.54181,1.48704,0.85061,1.51441,0.008614,0.008614,0.008614
30,390.489,1.04051,0.55257,1.19061,0.8951,0.8253,0.90889,0.53759,1.48298,0.85149,1.48947,0.0085645,0.0085645,0.0085645
31,402.006,1.03676,0.55259,1.17937,0.90948,0.83763,0.92036,0.57382,1.40916,0.77975,1.44866,0.008515,0.008515,0.008515
32,415.314,1.02981,0.54228,1.19889,0.88438,0.79261,0.88616,0.52025,1.55131,0.93201,1.53652,0.0084655,0.0084655,0.0084655
33,427.354,1.02633,0.53099,1.16883,0.91298,0.83555,0.91716,0.5387,1.50936,0.7917,1.53691,0.008416,0.008416,0.008416
34,439.351,1.01947,0.53219,1.15659,0.8927,0.80452,0.89408,0.529,1.5449,0.86725,1.55114,0.0083665,0.0083665,0.0083665
35,450.82,1.01937,0.52748,1.1729,0.91348,0.82973,0.91328,0.5164,1.5972,0.86651,1.60822,0.008317,0.008317,0.008317
36,462.242,1.00936,0.519,1.14032,0.90804,0.83979,0.92068,0.54866,1.46172,0.79276,1.49088,0.0082675,0.0082675,0.0082675
37,473.986,0.99903,0.5143,1.15124,0.90869,0.84937,0.92618,0.56329,1.44173,0.80402,1.47249,0.008218,0.008218,0.008218
38,485.806,1.00223,0.51174,1.15153,0.91264,0.83292,0.91874,0.56169,1.47365,0.78762,1.5216,0.0081685,0.0081685,0.0081685
39,499.037,0.98093,0.50635,1.13998,0.91323,0.8307,0.91714,0.53993,1.50188,0.78687,1.52033,0.008119,0.008119,0.008119
40,510.944,0.97338,0.49681,1.13901,0.93182,0.86613,0.94013,0.59676,1.36256,0.76004,1.41569,0.0080695,0.0080695,0.0080695
41,522.374,0.9753,0.49585,1.14125,0.91877,0.8406,0.92403,0.57211,1.4222,0.75613,1.47215,0.00802,0.00802,0.00802
42,533.682,0.98427,0.49872,1.1386,0.92883,0.86006,0.9345,0.57992,1.39996,0.75148,1.44989,0.0079705,0.0079705,0.0079705
43,545.081,0.96852,0.49156,1.12469,0.90357,0.83843,0.91942,0.56462,1.42177,0.8284,1.46298,0.007921,0.007921,0.007921
44,556.446,0.97163,0.49081,1.13098,0.92231,0.84604,0.92729,0.58148,1.38103,0.748,1.44435,0.0078715,0.0078715,0.0078715
45,567.791,0.95693,0.48495,1.13214,0.92031,0.85162,0.9299,0.57936,1.38519,0.74151,1.43477,0.007822,0.007822,0.007822
46,579.338,0.95136,0.47666,1.11943,0.92741,0.8621,0.93665,0.58135,1.37861,0.73974,1.42337,0.0077725,0.0077725,0.0077725
47,590.837,0.9454,0.47395,1.11232,0.928,0.87271,0.94155,0.58926,1.35429,0.73685,1.42133,0.007723,0.007723,0.007723
48,602.392,0.94841,0.47536,1.12248,0.93284,0.8626,0.93871,0.56472,1.45115,0.73671,1.48884,0.0076735,0.0076735,0.0076735
49,613.683,0.94759,0.47639,1.12026,0.92512,0.86323,0.93905,0.58533,1.37601,0.72459,1.43618,0.007624,0.007624,0.007624
50,625.156,0.94182,0.47509,1.119,0.93037,0.86979,0.9409,0.59945,1.32179,0.71251,1.39135,0.0075745,0.0075745,0.0075745
51,636.611,0.92983,0.46495,1.11104,0.93056,0.86913,0.94151,0.57278,1.43477,0.73955,1.48505,0.007525,0.007525,0.007525
52,647.908,0.92801,0.4648,1.10951,0.93343,0.86378,0.94001,0.60176,1.34481,0.70071,1.40479,0.0074755,0.0074755,0.0074755
53,659.416,0.92968,0.46538,1.09351,0.93123,0.86987,0.94238,0.60178,1.34027,0.72398,1.40693,0.007426,0.007426,0.007426
54,670.594,0.92565,0.46171,1.11076,0.93203,0.86659,0.94069,0.61318,1.29914,0.69678,1.36553,0.0073765,0.0073765,0.0073765
55,681.959,0.91625,0.45493,1.10534,0.9352,0.875,0.94606,0.61333,1.29331,0.69778,1.36472,0.007327,0.007327,0.007327
56,693.222,0.91381,0.44993,1.09332,0.93136,0.87702,0.94718,0.60652,1.33326,0.70904,1.40055,0.0072775,0.0072775,0.0072775
57,704.397,0.91179,0.4534,1.10897,0.9404,0.87895,0.9514,0.61396,1.30573,0.67308,1.37487,0.007228,0.007228,0.007228
58,715.611,0.90885,0.44661,1.08855,0.92616,0.86058,0.93678,0.60568,1.32831,0.71939,1.37877,0.0071785,0.0071785,0.0071785
59,726.806,0.90844,0.44852,1.09154,0.92988,0.87662,0.9446,0.60989,1.31245,0.70711,1.38287,0.007129,0.007129,0.007129
60,738.046,0.92071,0.45453,1.09331,0.93233,0.85838,0.93678,0.60138,1.32906,0.70092,1.39878,0.0070795,0.0070795,0.0070795
61,749.41,0.911,0.45038,1.08733,0.93807,0.87631,0.94862,0.61808,1.28419,0.69135,1.35786,0.00703,0.00703,0.00703
62,760.767,0.88926,0.44025,1.10136,0.93457,0.86581,0.94182,0.60124,1.35737,0.69968,1.43,0.0069805,0.0069805,0.0069805
63,772.079,0.91223,0.44696,1.09061,0.93092,0.86906,0.94476,0.60122,1.34924,0.6869,1.41081,0.006931,0.006931,0.006931
64,783.256,0.9059,0.44891,1.08828,0.93524,0.86661,0.9412,0.60513,1.33508,0.68703,1.398,0.0068815,0.0068815,0.0068815
65,795.846,0.89431,0.43837,1.08168,0.92934,0.86301,0.93972,0.61637,1.28893,0.69939,1.35793,0.006832,0.006832,0.006832
66,807.181,0.89541,0.43596,1.08782,0.92749,0.85955,0.93617,0.61311,1.30388,0.69708,1.37526,0.0067825,0.0067825,0.0067825
67,818.874,0.89668,0.43418,1.07565,0.93744,0.87261,0.94687,0.63038,1.26854,0.66643,1.35207,0.006733,0.006733,0.006733
68,830.258,0.88838,0.43326,1.07226,0.93817,0.87972,0.94784,0.62462,1.26641,0.67755,1.34842,0.0066835,0.0066835,0.0066835
69,841.443,0.88541,0.43409,1.07869,0.93983,0.88545,0.9527,0.61993,1.29017,0.66146,1.37108,0.006634,0.006634,0.006634
70,852.695,0.88967,0.43409,1.08429,0.94299,0.88841,0.95356,0.62983,1.26179,0.64302,1.34399,0.0065845,0.0065845,0.0065845
71,864.15,0.88308,0.43,1.07695,0.93801,0.87678,0.94803,0.63013,1.25246,0.67164,1.3413,0.006535,0.006535,0.006535
72,875.358,0.86694,0.42572,1.08459,0.93645,0.88347,0.95,0.62154,1.28159,0.67339,1.35653,0.0064855,0.0064855,0.0064855
73,886.411,0.88212,0.43085,1.07434,0.93524,0.86758,0.94239,0.60668,1.33102,0.67906,1.38508,0.006436,0.006436,0.006436
74,897.561,0.87322,0.42251,1.07739,0.93484,0.88077,0.9499,0.60453,1.32666,0.68567,1.38934,0.0063865,0.0063865,0.0063865
75,908.911,0.88493,0.42887,1.06352,0.9367,0.88292,0.94905,0.62316,1.28015,0.67513,1.35444,0.006337,0.006337,0.006337
76,920.06,0.86995,0.42285,1.06806,0.94375,0.88056,0.95344,0.6336,1.25615,0.65458,1.33987,0.0062875,0.0062875,0.0062875
77,932.107,0.87531,0.42394,1.06695,0.94538,0.8768,0.94878,0.63174,1.25043,0.64278,1.34577,0.006238,0.006238,0.006238
78,944.049,0.86412,0.42093,1.0749,0.93436,0.87884,0.94645,0.61697,1.30181,0.66724,1.37178,0.0061885,0.0061885,0.0061885
79,955.474,0.85723,0.41645,1.06325,0.9462,0.89215,0.95643,0.62644,1.27892,0.64254,1.36444,0.006139,0.006139,0.006139
80,967.286,0.86387,0.41957,1.05613,0.94483,0.88981,0.95337,0.6257,1.28018,0.64604,1.36058,0.0060895,0.0060895,0.0060895
81,978.929,0.86126,0.41814,1.06275,0.94227,0.87391,0.94764,0.62707,1.2705,0.645,1.34873,0.00604,0.00604,0.00604
82,991.158,0.86254,0.4123,1.06265,0.94943,0.88711,0.9533,0.62495,1.28104,0.63969,1.36702,0.0059905,0.0059905,0.0059905
83,1003.29,0.85452,0.4123,1.06807,0.94659,0.88387,0.95206,0.63653,1.24738,0.63111,1.34184,0.005941,0.005941,0.005941
84,1015.75,0.86655,0.41772,1.0685,0.95031,0.89092,0.95588,0.64103,1.22609,0.63038,1.33082,0.0058915,0.0058915,0.0058915
85,1027.53,0.86328,0.415,1.07172,0.94755,0.88867,0.95546,0.64189,1.23485,0.61855,1.3401,0.005842,0.005842,0.005842
86,1039.92,0.84948,0.41084,1.06313,0.93958,0.88324,0.95042,0.63405,1.24903,0.64518,1.33896,0.0057925,0.0057925,0.0057925
87,1051.18,0.85227,0.40931,1.06479,0.94285,0.89644,0.95894,0.63828,1.2366,0.63483,1.3415,0.005743,0.005743,0.005743
88,1064.99,0.8569,0.40821,1.05009,0.94337,0.89067,0.95301,0.62539,1.2777,0.63501,1.36255,0.0056935,0.0056935,0.0056935
89,1076.35,0.86154,0.41208,1.05007,0.94678,0.89587,0.95704,0.64592,1.2204,0.61234,1.32411,0.005644,0.005644,0.005644
90,1088.31,0.84168,0.40533,1.06357,0.94569,0.89417,0.95726,0.64518,1.21382,0.61487,1.32893,0.0055945,0.0055945,0.0055945
91,1099.71,0.84029,0.40206,1.05551,0.94259,0.89753,0.95789,0.65098,1.22136,0.61424,1.32369,0.005545,0.005545,0.005545
92,1112.23,0.8442,0.40671,1.06129,0.94282,0.88828,0.95466,0.64233,1.23867,0.62306,1.34556,0.0054955,0.0054955,0.0054955
93,1124.32,0.84494,0.4049,1.05255,0.94888,0.88819,0.95406,0.63981,1.23191,0.61483,1.33466,0.005446,0.005446,0.005446
94,1135.79,0.84456,0.40433,1.05566,0.94156,0.88393,0.94986,0.63663,1.2453,0.63915,1.3377,0.0053965,0.0053965,0.0053965
95,1147.14,0.84132,0.39941,1.05024,0.94904,0.8964,0.9583,0.63847,1.24007,0.60779,1.35224,0.005347,0.005347,0.005347
96,1158.43,0.84195,0.40167,1.04491,0.94734,0.8937,0.95742,0.64906,1.20306,0.61171,1.31828,0.0052975,0.0052975,0.0052975
97,1170.01,0.83697,0.40045,1.05888,0.95187,0.89722,0.96036,0.64914,1.20928,0.60463,1.31613,0.005248,0.005248,0.005248
98,1181.31,0.84363,0.40296,1.04776,0.94704,0.89418,0.95616,0.62812,1.26746,0.62089,1.36332,0.0051985,0.0051985,0.0051985
99,1192.62,0.84425,0.40323,1.05703,0.94431,0.89892,0.95823,0.62992,1.26506,0.62008,1.35895,0.005149,0.005149,0.005149
100,1203.99,0.82608,0.39881,1.05612,0.94293,0.8952,0.95656,0.64359,1.23397,0.6251,1.32815,0.0050995,0.0050995,0.0050995
101,1215.14,0.84046,0.40039,1.05059,0.94523,0.90043,0.9602,0.64806,1.22127,0.61022,1.32863,0.00505,0.00505,0.00505
102,1226.44,0.83291,0.40118,1.05468,0.947,0.89585,0.9579,0.64099,1.2433,0.60807,1.35114,0.0050005,0.0050005,0.0050005
103,1237.71,0.8277,0.39583,1.05269,0.94079,0.89084,0.95355,0.63561,1.25015,0.62652,1.3545,0.004951,0.004951,0.004951
104,1248.97,0.83434,0.39899,1.04315,0.94769,0.89939,0.95868,0.64789,1.21705,0.61776,1.32524,0.0049015,0.0049015,0.0049015
105,1260.14,0.83247,0.39548,1.04064,0.9485,0.89143,0.9542,0.63378,1.2587,0.62322,1.348,0.004852,0.004852,0.004852
106,1271.49,0.81987,0.39053,1.04594,0.951,0.89497,0.95784,0.64774,1.21622,0.60887,1.3286,0.0048025,0.0048025,0.0048025
107,1282.92,0.83263,0.39433,1.04096,0.95124,0.90027,0.95932,0.64367,1.23583,0.6057,1.34879,0.004753,0.004753,0.004753
108,1294.26,0.82371,0.38968,1.04099,0.94529,0.9069,0.96101,0.64638,1.2187,0.60118,1.33354,0.0047035,0.0047035,0.0047035
109,1305.53,0.83482,0.39753,1.04579,0.95012,0.90628,0.9618,0.64032,1.23518,0.60075,1.3464,0.004654,0.004654,0.004654
110,1316.59,0.82336,0.39037,1.03309,0.94444,0.90109,0.95903,0.63837,1.2463,0.61919,1.35557,0.0046045,0.0046045,0.0046045
111,1327.93,0.83043,0.39426,1.03154,0.94976,0.90111,0.95869,0.64494,1.22518,0.61107,1.33347,0.004555,0.004555,0.004555
112,1339.36,0.81989,0.38653,1.02961,0.95111,0.90225,0.96048,0.64625,1.21635,0.59467,1.3242,0.0045055,0.0045055,0.0045055
113,1350.75,0.82507,0.39273,1.03768,0.94884,0.90324,0.96028,0.64595,1.22046,0.60682,1.33693,0.004456,0.004456,0.004456
114,1362.08,0.81929,0.38871,1.02963,0.95121,0.90249,0.96192,0.64867,1.21988,0.59865,1.32526,0.0044065,0.0044065,0.0044065
115,1373.36,0.81471,0.38317,1.03366,0.95149,0.90697,0.96371,0.64882,1.22865,0.59051,1.34735,0.004357,0.004357,0.004357
116,1384.65,0.81986,0.39043,1.03375,0.95019,0.90445,0.96313,0.65212,1.21002,0.58193,1.32283,0.0043075,0.0043075,0.0043075
117,1396.09,0.8048,0.37866,1.0309,0.95091,0.90301,0.96083,0.6513,1.20385,0.59075,1.32179,0.004258,0.004258,0.004258
118,1407.45,0.80556,0.38262,1.0382,0.94948,0.90491,0.9621,0.64966,1.2195,0.5945,1.33976,0.0042085,0.0042085,0.0042085
119,1418.88,0.80977,0.38656,1.03415,0.95071,0.90164,0.9603,0.64354,1.23181,0.59278,1.34404,0.004159,0.004159,0.004159
120,1430.21,0.8095,0.3843,1.03674,0.94883,0.90343,0.96128,0.64502,1.23093,0.59748,1.34507,0.0041095,0.0041095,0.0041095
121,1441.45,0.80599,0.38333,1.03524,0.94967,0.90412,0.96122,0.65094,1.21372,0.58451,1.33274,0.00406,0.00406,0.00406
122,1452.83,0.81475,0.38257,1.0376,0.95152,0.90724,0.96317,0.65132,1.22055,0.59441,1.33344,0.0040105,0.0040105,0.0040105
123,1463.99,0.80368,0.38178,1.02573,0.95223,0.90579,0.96156,0.63564,1.24857,0.58895,1.3617,0.003961,0.003961,0.003961
124,1475.15,0.81529,0.38677,1.02682,0.95277,0.9068,0.96267,0.64229,1.23033,0.58642,1.35048,0.0039115,0.0039115,0.0039115
125,1486.4,0.80152,0.37638,1.02649,0.94671,0.8965,0.95532,0.63427,1.25769,0.60917,1.36593,0.003862,0.003862,0.003862
126,1498.01,0.80387,0.38031,1.03209,0.9514,0.89901,0.95785,0.64709,1.22212,0.59605,1.33241,0.0038125,0.0038125,0.0038125
127,1509.19,0.81127,0.38335,1.03117,0.95522,0.90857,0.96403,0.6533,1.21294,0.57981,1.3274,0.003763,0.003763,0.003763
128,1520.49,0.80899,0.3788,1.02801,0.95187,0.90149,0.95972,0.63744,1.24863,0.59283,1.35507,0.0037135,0.0037135,0.0037135
129,1531.67,0.80713,0.37914,1.02599,0.951,0.90582,0.96144,0.64172,1.23243,0.59473,1.34314,0.003664,0.003664,0.003664
130,1542.77,0.79759,0.37515,1.02875,0.95318,0.8989,0.95841,0.6541,1.19579,0.5806,1.30894,0.0036145,0.0036145,0.0036145
131,1554.28,0.79722,0.37528,1.03096,0.95549,0.9053,0.9617,0.65005,1.21938,0.57823,1.33622,0.003565,0.003565,0.003565
132,1565.53,0.7894,0.3728,1.02581,0.95127,0.90539,0.96021,0.6544,1.20456,0.58453,1.31603,0.0035155,0.0035155,0.0035155
133,1576.8,0.80098,0.37655,1.02589,0.95077,0.89409,0.95557,0.63488,1.2611,0.60043,1.35691,0.003466,0.003466,0.003466
134,1588.02,0.79049,0.3703,1.01699,0.94694,0.90816,0.96215,0.64834,1.22215,0.59531,1.33316,0.0034165,0.0034165,0.0034165
135,1599.13,0.79665,0.37264,1.02349,0.95247,0.90191,0.96011,0.65396,1.20373,0.57687,1.32461,0.003367,0.003367,0.003367
136,1610.29,0.80246,0.3769,1.02511,0.95526,0.90348,0.96214,0.65099,1.21579,0.58448,1.33322,0.0033175,0.0033175,0.0033175
137,1621.58,0.78814,0.37217,1.01811,0.94668,0.90347,0.96097,0.65726,1.19792,0.58173,1.31229,0.003268,0.003268,0.003268
138,1633.04,0.78965,0.36976,1.01736,0.95402,0.90436,0.9626,0.65477,1.20236,0.56879,1.32282,0.0032185,0.0032185,0.0032185
139,1644.37,0.78782,0.37059,1.02207,0.95791,0.90743,0.96429,0.64958,1.21841,0.58318,1.33799,0.003169,0.003169,0.003169
140,1655.57,0.78958,0.36886,1.01978,0.95317,0.90549,0.96167,0.65493,1.19999,0.57694,1.32496,0.0031195,0.0031195,0.0031195
141,1666.89,0.79934,0.37268,1.01814,0.95179,0.90282,0.96217,0.6524,1.20994,0.58029,1.32818,0.00307,0.00307,0.00307
142,1678.41,0.78436,0.36521,1.01941,0.95101,0.91177,0.96493,0.65729,1.20159,0.57776,1.32341,0.0030205,0.0030205,0.0030205
143,1689.87,0.78259,0.36599,1.03032,0.95128,0.91025,0.96513,0.64952,1.22843,0.57893,1.3462,0.002971,0.002971,0.002971
144,1701.17,0.79233,0.37171,1.02568,0.95424,0.90926,0.96476,0.65953,1.20222,0.56803,1.32503,0.0029215,0.0029215,0.0029215
145,1712.66,0.7888,0.36808,1.02998,0.95479,0.90737,0.9635,0.64943,1.22099,0.57573,1.33644,0.002872,0.002872,0.002872
146,1724.48,0.78989,0.36677,1.0136,0.95364,0.90739,0.96392,0.65877,1.1904,0.56559,1.31135,0.0028225,0.0028225,0.0028225
147,1736.21,0.78427,0.36713,1.02021,0.95709,0.91297,0.96599,0.66215,1.18545,0.55576,1.31497,0.002773,0.002773,0.002773
148,1748.12,0.78089,0.36521,1.02471,0.9549,0.90463,0.96325,0.65345,1.21013,0.56416,1.32978,0.0027235,0.0027235,0.0027235
149,1759.6,0.78048,0.36848,1.01205,0.95298,0.91345,0.96541,0.65802,1.19644,0.57357,1.31277,0.002674,0.002674,0.002674
150,1770.72,0.78203,0.36616,1.0168,0.9533,0.90682,0.96403,0.65226,1.20879,0.57536,1.3254,0.0026245,0.0026245,0.0026245
151,1782.1,0.77255,0.36407,1.00862,0.95339,0.90777,0.96323,0.65286,1.20924,0.57335,1.32296,0.002575,0.002575,0.002575
152,1794.94,0.77696,0.3648,1.01927,0.95607,0.90851,0.9634,0.65773,1.19126,0.56415,1.31651,0.0025255,0.0025255,0.0025255
153,1806.8,0.78055,0.36473,1.0206,0.95568,0.91159,0.96486,0.65674,1.20234,0.56337,1.32286,0.002476,0.002476,0.002476
154,1818.93,0.7786,0.36421,1.01884,0.95232,0.91025,0.96383,0.65192,1.20816,0.57967,1.32098,0.0024265,0.0024265,0.0024265
155,1830.27,0.77733,0.36301,1.02039,0.9552,0.91332,0.96606,0.65574,1.20163,0.56041,1.32362,0.002377,0.002377,0.002377
156,1842.26,0.76929,0.35888,1.01946,0.95605,0.91017,0.96347,0.65566,1.19827,0.56366,1.32806,0.0023275,0.0023275,0.0023275
157,1854.9,0.77904,0.36296,1.01101,0.95569,0.90592,0.96333,0.66,1.18855,0.56924,1.30944,0.002278,0.002278,0.002278
158,1867.17,0.77099,0.35839,1.02084,0.95034,0.90381,0.95995,0.65158,1.2111,0.57756,1.32786,0.0022285,0.0022285,0.0022285
159,1878.83,0.77629,0.36228,1.01473,0.9569,0.90865,0.96461,0.6563,1.20316,0.56531,1.32086,0.002179,0.002179,0.002179
160,1890.38,0.76882,0.3593,1.0109,0.95682,0.907,0.96288,0.65626,1.20077,0.56825,1.32195,0.0021295,0.0021295,0.0021295
161,1902.55,0.76801,0.35797,1.01582,0.95745,0.90981,0.96377,0.65679,1.19764,0.56282,1.32007,0.00208,0.00208,0.00208
162,1913.68,0.76744,0.35725,1.017,0.95771,0.91265,0.96559,0.65771,1.1983,0.56555,1.31804,0.0020305,0.0020305,0.0020305
163,1925.09,0.7834,0.36393,1.01033,0.95554,0.9108,0.96503,0.66384,1.18121,0.56613,1.30616,0.001981,0.001981,0.001981
164,1936.66,0.76527,0.35607,1.0063,0.95826,0.91185,0.96492,0.65799,1.19769,0.56698,1.31761,0.0019315,0.0019315,0.0019315
165,1948.58,0.76281,0.35567,1.00742,0.95772,0.91029,0.96495,0.65887,1.19945,0.56088,1.32067,0.001882,0.001882,0.001882
166,1960.17,0.77726,0.36214,1.01417,0.95112,0.90756,0.9629,0.65535,1.20424,0.57364,1.32621,0.0018325,0.0018325,0.0018325
167,1971.5,0.75795,0.35386,1.01508,0.95737,0.90924,0.96483,0.65578,1.20369,0.56848,1.32352,0.001783,0.001783,0.001783
168,1982.77,0.76088,0.35558,1.01847,0.96064,0.91044,0.96581,0.66145,1.19032,0.55943,1.30866,0.0017335,0.0017335,0.0017335
169,1994.02,0.76923,0.35836,1.01875,0.95838,0.91091,0.9653,0.65526,1.20653,0.56574,1.32518,0.001684,0.001684,0.001684
170,2005.25,0.76437,0.35458,1.00733,0.95885,0.91259,0.96645,0.6528,1.21144,0.56816,1.32816,0.0016345,0.0016345,0.0016345
171,2016.57,0.75771,0.35314,1.01552,0.96015,0.91318,0.96645,0.66564,1.1748,0.55374,1.30725,0.001585,0.001585,0.001585
172,2027.72,0.76253,0.35648,1.00937,0.96085,0.91044,0.96532,0.65487,1.20916,0.56733,1.32553,0.0015355,0.0015355,0.0015355
173,2039.2,0.76261,0.35599,1.01163,0.95698,0.90991,0.964,0.65851,1.19375,0.55751,1.3226,0.001486,0.001486,0.001486
174,2050.55,0.76053,0.35452,1.00496,0.95693,0.90611,0.96199,0.65198,1.21349,0.57293,1.32729,0.0014365,0.0014365,0.0014365
175,2061.76,0.76616,0.35519,0.99796,0.95737,0.91065,0.96532,0.65228,1.21378,0.56767,1.33784,0.001387,0.001387,0.001387
176,2072.99,0.76016,0.35353,1.00543,0.95446,0.91213,0.96483,0.65784,1.19693,0.55983,1.3298,0.0013375,0.0013375,0.0013375
177,2084.15,0.75917,0.35402,1.00541,0.95746,0.91217,0.9658,0.65465,1.20931,0.56642,1.3347,0.001288,0.001288,0.001288
178,2095.28,0.75211,0.35214,1.01736,0.95752,0.90926,0.96424,0.65992,1.18973,0.55667,1.32437,0.0012385,0.0012385,0.0012385
179,2106.37,0.76031,0.35368,1.00061,0.95677,0.91321,0.96569,0.65853,1.19651,0.56039,1.32672,0.001189,0.001189,0.001189
180,2117.47,0.75082,0.3495,1.00541,0.95775,0.9124,0.96587,0.66539,1.17732,0.55387,1.31209,0.0011395,0.0011395,0.0011395
181,2128.37,0.7547,0.35229,1.00454,0.95438,0.90691,0.96292,0.66203,1.18332,0.55996,1.31156,0.00109,0.00109,0.00109
182,2139.5,0.76592,0.35544,1.00749,0.95721,0.91006,0.96385,0.65802,1.19442,0.55951,1.31944,0.0010405,0.0010405,0.0010405
183,2150.68,0.75861,0.35375,1.0057,0.95895,0.91088,0.96469,0.65793,1.20172,0.5582,1.32484,0.000991,0.000991,0.000991
184,2161.9,0.75901,0.35284,1.00251,0.96044,0.91147,0.96534,0.65587,1.20075,0.55623,1.33325,0.0009415,0.0009415,0.0009415
185,2173.13,0.7487,0.34784,1.00552,0.95602,0.91198,0.96541,0.65765,1.19593,0.56599,1.32382,0.000892,0.000892,0.000892
186,2184.28,0.75752,0.34983,1.01414,0.95949,0.91057,0.96485,0.65889,1.19389,0.55918,1.32098,0.0008425,0.0008425,0.0008425
187,2195.47,0.75406,0.35069,0.99952,0.96127,0.91452,0.96677,0.66053,1.19062,0.5513,1.32544,0.000793,0.000793,0.000793
188,2206.55,0.75731,0.35116,1.00751,0.95996,0.91209,0.96546,0.65641,1.20438,0.55769,1.33074,0.0007435,0.0007435,0.0007435
189,2217.77,0.75615,0.35126,1.00314,0.95789,0.91238,0.96489,0.65649,1.19879,0.56244,1.32412,0.000694,0.000694,0.000694
190,2228.99,0.75125,0.34985,0.99298,0.96044,0.91029,0.9647,0.66019,1.19104,0.55821,1.3196,0.0006445,0.0006445,0.0006445
191,2240.08,0.74618,0.34841,0.99167,0.96018,0.91193,0.96616,0.65818,1.1961,0.55443,1.32367,0.000595,0.000595,0.000595
192,2251.19,0.74889,0.34685,0.99536,0.96121,0.9112,0.9654,0.6598,1.19054,0.55327,1.32273,0.0005455,0.0005455,0.0005455
193,2262.49,0.75068,0.3488,0.9902,0.96204,0.91244,0.96662,0.65893,1.19369,0.55358,1.32853,0.000496,0.000496,0.000496
194,2273.77,0.7522,0.346,1.00891,0.96091,0.91284,0.96663,0.66129,1.19072,0.5508,1.32232,0.0004465,0.0004465,0.0004465
195,2284.99,0.74931,0.34796,0.99521,0.96011,0.91244,0.96612,0.65831,1.19362,0.55648,1.32282,0.000397,0.000397,0.000397
196,2296.08,0.75446,0.35004,1.00247,0.96241,0.91246,0.96654,0.66166,1.18532,0.54974,1.32248,0.0003475,0.0003475,0.0003475
197,2307.22,0.75212,0.35078,0.99483,0.96192,0.912,0.96624,0.66257,1.18727,0.55051,1.3216,0.000298,0.000298,0.000298
198,2318.66,0.74256,0.34348,1.00684,0.96152,0.91297,0.96656,0.66104,1.1912,0.55316,1.32179,0.0002485,0.0002485,0.0002485
199,2330.44,0.74942,0.34665,0.99929,0.96002,0.91105,0.96553,0.65784,1.19805,0.55668,1.3242,0.000199,0.000199,0.000199
200,2342.9,0.75884,0.3511,1.00239,0.96098,0.91196,0.96612,0.65885,1.1987,0.55501,1.32866,0.0001495,0.0001495,0.0001495
